,number of threads,n,m,fraction of member operations,fraction of insert operations,fraction of delete operations,number of iterations,remaining nodes,median,Std,Iterations
0,1.0,1000.0,10000.0,0.9,0.05,0.05,30.0,1478.0,0.028951599999999997,0.004709968808740706,40.66895904844176
1,2.0,1000.0,10000.0,0.9,0.05,0.05,30.0,1481.0,0.04607553333333333,0.006212777110913046,27.938490547034828
2,4.0,1000.0,10000.0,0.9,0.05,0.05,30.0,1480.0,0.041013366666666676,0.0024910821839366193,5.668881829515312
3,8.0,1000.0,10000.0,0.9,0.05,0.05,30.0,1478.0,0.043073200000000006,0.002391548631153549,4.737140783803516
