,number of threads,n,m,fraction of member operations,fraction of insert operations,fraction of delete operations,number of iterations,remaining nodes,median,Std,Iterations
0,1.0,1000.0,10000.0,0.5,0.25,0.25,30.0,3335.0,0.06848653333333334,0.011273178671560188,41.63461447294185
1,2.0,1000.0,10000.0,0.5,0.25,0.25,30.0,3317.0,0.06608616666666668,0.011124172722695735,43.53980285918855
2,4.0,1000.0,10000.0,0.5,0.25,0.25,30.0,3337.0,0.06533533333333333,0.01533948745116237,84.70276913197226
3,8.0,1000.0,10000.0,0.5,0.25,0.25,30.0,3349.0,0.06316646666666667,0.009147951139494282,32.22898569229621
