,number of threads,n,m,fraction of member operations,fraction of insert operations,fraction of delete operations,number of iterations,remaining nodes,median,Std,Iterations
0,1.0,1000.0,10000.0,0.5,0.25,0.25,30.0,3329.0,0.05725323333333334,0.007583871887482483,26.96212225790375
1,2.0,1000.0,10000.0,0.5,0.25,0.25,30.0,3324.0,0.0712309,0.007189384532431995,15.653760922722624
2,4.0,1000.0,10000.0,0.5,0.25,0.25,30.0,3341.0,0.0863095,0.03175294961889367,207.98072187620036
3,8.0,1000.0,10000.0,0.5,0.25,0.25,30.0,3331.0,0.08907323333333332,0.012880906336400651,32.13442578460503
