,number of threads,n,m,fraction of member operations,fraction of insert operations,fraction of delete operations,number of iterations,remaining nodes,median,Std,Iterations
0,1.0,1000.0,10000.0,0.99,0.005,0.005,30.0,1046.0,0.019435133333333333,0.00198792424634225,16.07669404142693
1,2.0,1000.0,10000.0,0.99,0.005,0.005,30.0,1047.0,0.04463006666666666,0.024966167352464503,480.86239766043974
2,4.0,1000.0,10000.0,0.99,0.005,0.005,30.0,1043.0,0.03615026666666665,0.01911060812820683,429.4356924239944
3,8.0,1000.0,10000.0,0.99,0.005,0.005,30.0,1045.0,0.04182413333333333,0.026997663449005123,640.2809660450353
