,number of threads,n,m,fraction of member operations,fraction of insert operations,fraction of delete operations,number of iterations,remaining nodes,median,Std,Iterations
0,1.0,1000.0,10000.0,0.99,0.005,0.005,30.0,1046.0,0.018735833333333334,0.004436276483745111,86.15159358898286
1,2.0,1000.0,10000.0,0.99,0.005,0.005,30.0,1046.0,0.017643100000000002,0.0011248478625099055,6.246114158595763
2,4.0,1000.0,10000.0,0.99,0.005,0.005,30.0,1048.0,0.017556466666666663,0.0007673652519400768,2.9356356996638153
3,8.0,1000.0,10000.0,0.99,0.005,0.005,30.0,1048.0,0.0176475,0.0006932382160108683,2.371213969430862
