,number of threads,n,m,fraction of member operations,fraction of insert operations,fraction of delete operations,number of iterations,remaining nodes,median,Std,Iterations
0,1.0,1000.0,10000.0,0.9,0.05,0.05,30.0,1483.0,0.025273000000000004,0.001778507549449334,7.609742571703799
1,2.0,1000.0,10000.0,0.9,0.05,0.05,30.0,1474.0,0.02385066666666667,0.0010090328019456548,2.7503100620328063
2,4.0,1000.0,10000.0,0.9,0.05,0.05,30.0,1482.0,0.026517633333333332,0.0011563810815415163,2.922163875379703
3,8.0,1000.0,10000.0,0.9,0.05,0.05,30.0,1482.0,0.024966466666666673,0.0018395515707935986,8.342225039499558
