,number of threads,n,m,fraction of member operations,fraction of insert operations,fraction of delete operations,number of iterations,remaining nodes,median,Std,Iterations
0,1.0,1000.0,10000.0,0.9,0.05,0.05,10.0,1483.0,0.028668299999999997,0.009294275156125827,161.50995799770814
1,2.0,1000.0,10000.0,0.9,0.05,0.05,10.0,1479.0,0.040314100000000005,0.0130138826595977,160.1297293791763
2,4.0,1000.0,10000.0,0.9,0.05,0.05,10.0,1482.0,0.0380446,0.0015366149810541344,2.506779967188902
3,8.0,1000.0,10000.0,0.9,0.05,0.05,10.0,1477.0,0.0401405,0.00443253329247383,18.737454479895245
