,number of threads,n,m,fraction of member operations,fraction of insert operations,fraction of delete operations,number of iterations,remaining nodes,median,Std,Iterations
0,1.0,1000.0,10000.0,0.5,0.25,0.25,10.0,3350.0,0.0508261,0.0015350451640116498,1.40165417972457
1,2.0,1000.0,10000.0,0.5,0.25,0.25,10.0,3321.0,0.05219539999999999,0.0025102125275229836,3.5540919460771727
2,4.0,1000.0,10000.0,0.5,0.25,0.25,10.0,3329.0,0.051126399999999995,0.0006269675164365901,0.23108501697337885
3,8.0,1000.0,10000.0,0.5,0.25,0.25,10.0,3329.0,0.051978199999999995,0.0018664925394975462,1.9814457170426836
