,number of threads,n,m,fraction of member operations,fraction of insert operations,fraction of delete operations,number of iterations,remaining nodes,median,Std,Iterations
0,1.0,1000.0,10000.0,0.5,0.25,0.25,10.0,3308.0,0.051478,0.0008780665629033419,0.4470783934983302
1,2.0,1000.0,10000.0,0.5,0.25,0.25,10.0,3296.0,0.066052,0.00159560660704462,0.8967096459225474
2,4.0,1000.0,10000.0,0.5,0.25,0.25,10.0,3332.0,0.0676525,0.002038539305483219,1.3952197436812737
3,8.0,1000.0,10000.0,0.5,0.25,0.25,10.0,3337.0,0.0771801,0.004727357388412449,5.764987004145309
