,number of threads,n,m,fraction of member operations,fraction of insert operations,fraction of delete operations,number of iterations,remaining nodes,median,Std,Iterations
0,1.0,1000.0,10000.0,0.99,0.005,0.005,10.0,1048.0,0.016061499999999996,4.2003306748133476e-05,0.010509133133860316
1,2.0,1000.0,10000.0,0.99,0.005,0.005,10.0,1048.0,0.030833500000000003,0.004563509571712445,33.66079853214673
2,4.0,1000.0,10000.0,0.99,0.005,0.005,10.0,1043.0,0.029513199999999996,0.00134358738705998,3.1847208322123293
3,8.0,1000.0,10000.0,0.99,0.005,0.005,10.0,1044.0,0.030257199999999995,0.0007317203169396224,0.8986796133208835
