,number of threads,n,m,fraction of member operations,fraction of insert operations,fraction of delete operations,number of iterations,remaining nodes,median,Std,Iterations
0,1.0,1000.0,10000.0,0.99,0.005,0.005,10.0,1046.0,0.0158431,0.0006493258812029593,2.5811737175673453
1,2.0,1000.0,10000.0,0.99,0.005,0.005,10.0,1045.0,0.0162703,0.0005805131925001071,1.9561637204547728
2,4.0,1000.0,10000.0,0.99,0.005,0.005,10.0,1045.0,0.016479699999999996,0.0005580752736962201,1.7622158088986088
3,8.0,1000.0,10000.0,0.99,0.005,0.005,10.0,1045.0,0.016738700000000002,0.0017115733535097012,16.066442188723187
