,number of threads,n,m,fraction of member operations,fraction of insert operations,fraction of delete operations,number of iterations,remaining nodes,median,Std,Iterations
0,1.0,1000.0,10000.0,0.9,0.05,0.05,10.0,1474.0,0.021339800000000003,8.548528138418541e-05,0.024658924761084142
1,2.0,1000.0,10000.0,0.9,0.05,0.05,10.0,1474.0,0.021548499999999998,0.00022316722678545597,0.16481581375918902
2,4.0,1000.0,10000.0,0.9,0.05,0.05,10.0,1474.0,0.021313500000000003,6.229901015800129e-05,0.01312879539710145
3,8.0,1000.0,10000.0,0.9,0.05,0.05,10.0,1482.0,0.0240859,0.0053160652209442785,74.85606218226951
